,target
0,-0.041981658322826756
1,-0.02510018636627727
2,-0.009841749862475224
3,-0.043151804020869676
4,0.013580060721629476
5,-0.022888947249955213
6,-0.016373645902437402
7,-0.06583100836898048
8,-0.05285092849799819
9,-0.061693797881776
10,-0.062216754296483656
11,-0.08504444208575973
12,-0.01250987845417052
13,0.17652892358886857
14,-0.05740965491746765
15,-0.026725680341880338
16,-0.05204194819126502
17,-0.04232442632268147
18,-0.04163378451064535
19,-0.04457906852756101
20,-0.016225818051487654
21,0.1684093495245042
22,0.18200437699455996
23,0.00808295325395289
24,-0.0061160983421809575
25,-0.037535966168154945
26,0.03750118020009314
27,0.16719824161540678
28,-0.046369657169976305
29,-0.03493489782180029
30,0.046697157365581124
31,-0.05157975235306071
32,-0.007196636481282706
33,-0.017005260695695953
34,-0.058564117454577076
35,-0.021194386091178727
36,-0.06227432385056661
37,-0.06659463875529341
38,-0.09484988831546713
39,0.02330746136115943
40,0.020019413386614088
41,-0.02911246815308833
42,-0.0017069134151174103
43,0.16977147754694888
44,-0.06355943069302791
45,-0.051502349719590765
46,-0.07651804408757557
47,-0.03883327128229338
48,0.13236786206478562
49,-0.0636018709020929
50,-0.04248450772389616
51,-0.05443605310095259
52,-0.057475763545450684
53,-0.04992639912281069
54,0.13430838946243417
55,-0.03997018145771884
56,-0.05787531044203975
57,-0.06652548104702619
58,-0.05443920890527662
59,-0.04611523773151257
60,-0.028945971801628147
61,-0.008371219616537254
62,-0.04791225906410576
63,0.1583890012667573
64,0.020285620809324327
65,-0.02042198054065994
66,-0.059811960229443774
67,0.160276420637327
68,-0.047715213298764415
69,0.18623409696199078
70,0.007978535885835735
71,0.028377184963575545
72,-0.057345575844724786
73,-0.018482808746213976
74,-0.03935639657948899
75,-0.06041796114111893
76,0.0022127601858478404
77,-0.04475157048472146
78,0.002588109845532772
79,-0.05705861909144971
80,0.11714213431360983
81,-0.036341854371216634
82,0.028755039545050248
83,-0.011769880859459462
84,-0.07128203442816371
85,-0.0592292443156605
86,-0.01858689232301918
87,0.04599262822902056
88,0.018768102340495623
89,-0.05074853936429606
90,-0.046460648448073814
91,-0.030328858215806956
92,0.03448396989028151
93,-0.02697222840392772
94,0.0032095179157793337
95,-0.05069604704870545
96,-0.0527071647513218
97,-0.020303337306541266
98,-0.02219201534143405
99,-0.01302294965152457
100,0.12890296907989673
101,-0.013467143013994922
102,0.010975210154799395
103,-0.047932548843158944
104,-0.076632660029979
105,-0.01617682409072374
106,-0.055637432269555746
107,-0.04091097038291685
108,-0.08571224925233878
109,-0.024501015208359192
110,0.010777524278615488
111,-0.062292801513365276
112,-0.03895270391681353
113,-0.05222701133476917
114,0.131671766926574
115,-0.05063659963592576
116,-0.006316144120426611
117,-0.03822944772758505
118,-0.02501689614497961
119,-0.025102758028572612
120,0.14827981581658356
121,-0.05879278993011367
122,0.1734241730867377
123,-0.01548857000878455
124,0.11056242834805455
125,-0.018382368510771012
126,-0.026119172053854327
127,-0.03334520448575139
128,0.004673258103022656
129,-0.045386366346282285
130,-0.010822810336074969
131,0.043768201191957234
132,-0.047771939356055865
133,-0.06085707873729949
134,-0.05504737248501765
135,0.16296170965007495
136,-0.0409555292662706
137,-0.0026368168641385708
138,-0.027613954877325795
139,-0.030732650602123438
140,-0.05352319957561103
141,-0.02559766477003977
142,-0.04050550420311635
143,-0.042218738950370274
144,-0.011915323550794873
145,-0.01788725665764697
146,0.12987313117668328
147,-0.033015708364033135
148,-0.0931875337822623
149,-0.06346513412649997
150,-0.07840535527715194
151,0.00432572161120973
152,-0.04621932602783471
153,-0.0600412745466409
154,0.037333776443593814
155,-0.046587272267756816
156,-0.060918439979205354
157,-0.044329318566837375
158,0.14712698066406352
159,-0.0472345988073251
160,-0.016247772928244437
161,0.003650721873375869
162,0.0043885620879260895
163,0.010039197551107071
164,-0.03568574411492416
165,-0.04424458986365008
166,-0.06213932552362467
167,-0.07133146339727475
168,-0.01915563588826993
169,-0.01591425751119006
170,0.14359246462895647
171,-0.036812307576243576
172,-0.030187797938221513
173,-0.012659947841821631
174,0.0004329614938014747
175,0.10611899457309473
176,-0.02947045420947807
177,-0.03569191133101621
178,-0.023635933132396425
179,-0.0837056288758049
180,-0.047954427110234725
181,-0.021365806312736928
182,0.1586707444752016
183,-0.07039734531226795
184,-0.024501015208359192
185,0.035144261626515017
186,-0.031494814172789466
187,-0.07663135783913844
188,0.12183055684460464
189,-0.0332809929942614
190,-0.030487985019834435
191,-0.06536655764326174
192,-0.006268746952013844
193,0.14557032815955687
194,-0.04172151838798946
195,0.15438265965043171
196,-0.04098250301887655
197,0.13101354233290122
198,-0.0524122286803913
199,-0.05667303009017748
200,-0.04272799410669314
201,-0.008515224662909143
202,-0.06305117412653158
203,-0.01810352409312571
204,0.00584068981860552
205,0.17011256239365863
206,-0.04733799020283567
207,-0.02207336007392731
208,0.15532927717476078
209,-0.04474355863667434
210,-0.07565778968650713
211,-0.03681958177203999
212,-0.05175978986117337
213,0.15633620967572331
214,-0.03501259861479301
215,-0.05731953981129466
216,-0.057819130286358295
217,0.17895654742825517
218,-0.05147219318567807
219,-0.031693692079727456
220,0.13338434181427955
221,-0.031161121928630475
222,0.16323443968112827
223,0.13578668121777032
224,0.04428500395533304
225,-0.04881541007473478
226,-0.031194580318828075
227,-0.018462725898047903
228,-0.03320290193670259
229,0.05763106408918085
230,-0.030532657067225757
231,0.00584068981860552
232,-0.03895353880918777
233,-0.05312806104932742
234,-0.06132680791838381
235,-0.08788062891256296
236,0.18248473694822298
237,-0.021978388372782903
238,0.023535731683665344
239,-0.02517909727747842
240,0.1386861617974791
241,-0.05132825954263709
242,-0.047994484505627516
243,-0.034074975807262556
244,-0.05369473836581077
245,-0.04744092672744298
246,-0.04354363788888491
247,0.11001307828670606
248,0.1292196792503017
249,-0.022125632612895234
250,-0.04816618038430123
251,-0.03005530923472171
252,-0.03133236883615578
253,-0.05263330765406635
254,0.042697711140705516
255,0.17940228837282543
256,0.01829323696154225
257,-0.04687236907000502
258,-0.048918643865013274
259,-0.011077383845067372
260,-0.056650056392588945
261,-0.04130345319925213
262,-0.009602750163211613
263,0.010039197551107071
264,-0.05691364775633145
265,-0.017646754382322556
266,0.007155522617802804
267,0.027853681657302138
268,-0.05681052299535216
269,-0.050737094561268445
270,-0.022856261379764153
271,-0.01548857000878455
272,0.03967860718242783
273,0.1528070172918085
274,-0.04893772213878943
275,-0.06938950545802891
276,-0.01726090346068679
277,-0.025933199115251215
278,-0.015554194690237274
279,0.02027089315008639
280,-0.05444554434550713
281,-0.010405472681980752
282,-0.008710296789949584
283,0.14171344259271573
284,0.16364398036406302
285,-0.007508638719267487
286,0.1771024043779454
287,-0.09729130134569691
288,-0.0465701804810056
289,-0.03997018145771884
290,0.04814072638495147
291,-0.05234257898038093
292,-0.03366408125506418
293,0.04600600133101654
294,-0.036796039824502205
295,-0.03775964816814675
296,-0.07638923537945343
297,-0.001614835134284093
298,-0.04059913054603236
299,-0.07945355373131546
300,-0.02753580765249975
301,-0.023526929162254996
302,-0.06421388621364776
303,0.1267989974277507
304,-0.03946557969136619
305,-0.01674170294846949
306,0.13047573468893298
307,-0.04423837787366461
308,-0.024910417790934853
309,0.005388087682224819
310,-0.025347209988927248
311,0.15499885674605945
312,-0.04626728945489211
313,-0.051300470797267024
314,-0.034832739882630054
315,-0.05039902274669992
316,0.163671115908519
317,-0.017646754382322556
318,-0.03834192537145157
319,-0.01636922885852576
320,-0.049183626476444225
321,-0.031161121928630475
322,-0.03583622393855445
323,0.0036465117675260417
324,-0.029877882316468953
325,-0.018672375848117245
326,0.16549581550938372
327,-0.005224150004848593
328,-0.07307064033306324
329,0.1358059459579423
330,-0.06555646848038922
331,-0.06433403173554958
332,0.1557687183095877
333,-0.034832739882630054
334,-0.041914566041856616
335,-0.04396856220973357
336,0.14214954630938587
337,-0.03401314890665387
338,-0.05718225256090706
339,-0.005872948701873239
340,0.17519389137420083
341,0.007344257807959975
342,-0.02747211660081832
343,-0.02381242560117853
344,-0.02944830865214071
345,-0.07670113228405709
346,0.173730934562703
347,0.009469684051293694
348,0.027716951768653658
349,-0.02508769204299499
350,0.15793055053335414
351,-0.0016105282798595751
352,0.002692235182953802
353,-0.07157414395495056
354,0.15659122798233843
355,-0.06015219686912356
356,0.14916526800116345
357,-0.0397015022300056
358,-0.03125999187335749
359,-0.038199552387731366
360,-0.02559766477003977
361,-0.02287302427663427
362,0.14816840416728672
363,-0.05272720917226914
364,0.05338117805939967
365,0.024130823945265736
366,0.11434533513261255
367,-0.017391519983620516
368,-0.031851771195267706
369,-0.06218250408563309
370,-0.034081898832871355
371,-0.06224488739857926
372,-0.0365744089123369
373,0.007385572822305508
374,0.0380893520106039
375,-0.02454638417641148
376,-0.04484504900004325
377,-0.034832739882630054
378,-0.009803943193506057
379,-0.03930669902569113
380,-0.027528010993515366
381,-0.0043910375541348695
382,-0.06592106583076529
383,-0.05595491144392491
384,0.01964033528268386
385,-0.0692377176970394
386,-0.07930905466583532
387,-0.03553587996383381
388,-0.011724324081841958
389,-0.07572780795447243
390,0.051234839257845055
391,-0.017164130316969308
392,0.1487473604146442
393,-0.015525764042784402
394,0.15723723145051854
395,-0.04359172568384953
396,-0.0205654467960415
397,0.18276447145813896
398,0.10870184575566096
399,-0.04039884604807677
400,0.02027089315008639
401,-0.029193012365992012
402,-0.03871065697853587
403,-0.022248732299363964
404,0.15368437588839323
405,-0.0348436541741598
406,-0.04063254674923521
407,0.15305835919456923
408,0.18952323854738512
409,-0.01770109799819468
410,-0.03557061741462067
411,-0.03263116505499147
412,-0.03263116505499147
413,0.036512054752392005
414,-0.01868982560936549
415,0.1297832070137913
416,-0.02897387653661156
417,-0.02927287304109516
418,0.019852274152393698
419,0.011174301049790397
420,-0.05997434136752363
421,-0.049579780162188475
422,0.17196002661733284
423,-0.05687328780581653
424,0.1361996885436933
425,0.16715472372364604
426,-0.04609901582535422
427,0.1494030016138997
428,-0.030468585754728012
429,-0.04964916830483629
430,0.0031957297627114097
431,-0.023363479672384453
432,-0.027246180225441213
433,-0.014573217511231699
434,-0.020729026766917194
435,-0.006634542661719003
436,0.11127845225312791
437,0.1263477014380247
438,-0.052173454569107616
439,-0.1004383385709591
440,-0.04932866361772069
441,0.1862795937290701
442,-0.05326492470428841
443,0.04984514529404131
444,-0.012490879842930104
445,-0.013762853906883341
446,-0.025737011423731845
447,-0.001614835134284093
448,0.14787212502765695
449,0.023922076440707922
450,-0.01911535228826683
451,-0.0490722497969497
452,0.16770856533947104
453,0.15484151815488456
454,0.17045063251421322
455,-0.03343940298528086
456,-0.05375271824117489
457,-0.024211672962132495
458,-0.04254275335213866
459,-0.03998363386190053
460,-0.06154269514057416
461,0.13973116846263794
462,0.04607399336491466
463,0.16862552700200173
464,-0.09040510657972942
465,0.04500391721997282
466,-0.0143008378188173
467,0.009073376722318529
468,0.03904664438175758
469,0.16427419937366178
470,-0.05326383841080397
471,0.13408723575595283
472,-0.05972721997308285
473,-0.022669248719325043
474,-0.021294278700442343
475,-0.04248990022396672
476,-0.04495942501817082
477,0.040476756535187716
478,-0.06435410445188788
479,-0.009068991133652358
480,-0.020826837915086657
481,-0.0358807095667565
482,-0.03190636028993391
483,0.04585110777300589
484,-0.0464861335029231
485,0.16404332550586445
486,0.02498299045386862
487,-0.006487033671268362
488,-0.002394039095962155
489,-0.02825154286373887
490,0.010039197551107071
491,-0.040704150352664795
492,0.11800118891069361
493,-0.02747211660081832
494,-0.03238726008776386
495,-0.043733931573500855
496,-0.023079441689673283
497,-0.01272144004406468
498,-0.11055053263896933
499,-0.019315848526256212
500,-0.02264346482757827
501,-0.031193984423610953
502,-0.04016841088887796
503,-0.017662976682104533
504,-0.06090947648001814
505,-0.0037390956222638524
506,-0.04507039875023111
507,-0.005836553934773864
508,-0.06827415398552912
509,-0.04567793462893784
510,-0.026547305785466442
511,0.1317999608214468
512,-0.06641137147840034
513,-0.011623399611949473
514,0.13937494264471786
515,0.15313905200990924
516,-0.04525294631191718
517,-0.0222661843652824
518,-0.03341480137214566
519,0.14659314944791868
520,0.017022677629186418
521,0.010877674377112062
522,-0.040284736469398064
523,0.029354038264588718
524,-0.028030441587586146
525,-0.05637799873873774
526,-0.04986766526264557
527,0.15352105088892326
528,-0.009012309269197327
529,-0.08145509815996427
530,0.13918821602560966
531,0.10718876421808272
532,-0.05974425681209463
533,-0.02804584848455086
534,-0.061258670928146124
535,0.14765483382785305
536,-0.014293172666719742
537,0.17518800867721168
538,-0.0526914673073799
539,-0.06024698135470218
540,-0.06190507968267074
541,0.1558974855528223
542,-0.06831714667335757
543,0.1744183920915697
544,-0.04475333604243935
545,-0.028416997316375904
546,-0.02407581081840246
547,0.043768201191957234
548,-0.029011078635915222
549,-0.03715794855896308
550,-0.01425686980149297
551,-0.0637337865121774
552,-0.0074836631750599125
553,0.015233111164593229
554,0.18883150243511054
555,0.0004329614938014747
556,0.012151607489547647
557,0.007155522617802804
558,-0.048830720160917176
559,-0.038380226180875845
560,-0.07282959694817014
561,-0.035698869089602944
562,-0.013752625147195992
563,-0.06223625100146212
564,0.022219615186994467
565,-0.045710917341478
566,0.1430227579938836
567,-0.017951042962513885
568,-0.03317126759464745
569,-0.024434561014435516
570,-0.00959573436585958
571,-0.04969679390000695
572,-0.04685809556975552
573,-0.01227311071366955
574,-0.03237988020664025
575,0.1911975275363989
576,-0.06010997414718434
577,-0.026331848307938617
578,-0.03395871484779797
579,-0.02099950350850544
580,0.13540727410468473
581,-0.04362645217529522
582,-0.04864263078065967
583,-0.02860864873650348
584,0.04780842404552106
585,-0.04076337315156438
586,0.18232462867304272
587,-0.005702649658358608
588,-0.05399134628536499
589,0.16255598096535723
590,-0.015650730929757755
591,0.021480919502308037
592,-0.04821346592977066
593,-0.0729171338201891
594,0.09039353988772064
595,-0.013467143013994922
596,0.15549723805033183
597,0.013580060721629476
598,-0.06672886203922768
599,-0.02517909727747842
600,-0.005836553934773864
601,0.02252615366453685
602,-0.058990361316009585
603,-0.05414539296360295
604,-0.04067751809309837
605,-0.0369690417483142
606,-0.04252113303304092
607,0.009469684051293694
608,0.16072539530575447
609,-0.04047022742419967
610,-0.03316621287917454
611,-0.030946526317168297
612,-0.013109127911308058
613,-0.01759050532740257
614,-0.02852192990031112
615,-0.01170499867716792
616,-0.03867246129358748
617,-0.04966231210453484
618,-0.044140936122597216
619,-0.03558630689004609
620,-0.10242001854888394
621,-0.0481972904447045
622,-0.007555024093416725
623,0.1409825426068571
624,-0.02162201291454905
625,-0.0035727990392406418
626,-0.03823909591104908
627,-0.06901373635227975
628,-0.08215759011353063
629,0.1287141890298013
630,-0.01754539725948768
631,-0.010619993402460125
632,-0.04769806155192796
633,-0.04481965274025977
634,-0.05124751244739928
635,-0.02719017718084868
636,-0.06960297479943192
637,-0.07584467057427607
638,0.1419918171550988
639,-0.04118530001250453
640,0.1586707444752016
641,-0.04779206387482077
642,-0.04572826687790088
643,-0.053937926570251316
644,0.16681527981885647
645,-0.028769078558853703
646,-0.04189834816642969
647,-0.008515224662909143
648,-0.04434558801135559
649,-0.026117457483922343
650,-0.06267674308405995
651,-0.012013278048933372
652,-0.020768953941557953
653,0.06078129887675448
654,-0.01170499867716792
655,0.04428500395533304
656,-0.02118588060587623
657,-0.049423625132869436
658,-0.014884786825655975
659,-0.04125217895945089
660,-0.042928527976822534
661,0.04599262822902056
662,-0.04816091760807778
663,-0.025933199115251215
664,0.18538101026562676
665,-0.005836553934773864
666,-0.01552414419453289
667,0.029354038264588718
668,-0.046745253131660294
669,-0.061626391590854444
670,-0.006898833110644037
671,0.12259896241170858
672,-0.03270435782691647
673,-0.020397090518027364
674,-0.0005344350995135611
675,0.0909246677114883
676,0.12278747608849555
677,-0.02853462682776537
678,-0.01441957508279192
679,-0.04879052673813468
680,-0.013467143013994922
681,-0.03483912216144748
682,-0.06912683780500652
683,-0.02322885872714371
684,-0.06891187851922234
685,-0.0276556991382839
686,0.16095652581249947
687,-0.004880312438438207
688,0.13407291630916934
689,-0.0043049599969197825
690,0.13618067139714998
691,0.0380893520106039
692,0.009756164754773899
693,0.056774344918194226
694,-0.019583148450809305
695,-0.042477455587043134
696,0.0068268942840725025
697,-0.04350942757274974
698,-0.05833020664170327
699,-0.05374101736690455
700,-0.05680733535309969
701,0.1396145784398535
702,-0.049419392236033546
703,0.12826043941009546
704,-0.047045744428658054
705,0.12369499800635719
706,-0.06881313005078259
707,-0.07628138316280256
708,-0.05452312255384949
709,0.04780842404552106
710,-0.042436088378462924
711,0.1336950510975212
712,0.04599262822902056
713,0.14828646817816252
714,-0.03169014074877408
715,-0.05629359412645166
716,0.005879305684040626
717,-0.0175530499101175
718,0.16355350842860175
719,-0.021675946593114864
720,-0.040449450410609475
721,-0.05208083291954506
722,-0.053926990801072945
723,0.008487285985568598
724,0.15872535358944068
725,-0.03452907110981669
726,-0.06364938700654377
727,0.12575382097987192
728,-0.03401314890665387
729,-0.03174183961461412
730,-0.0603639312172489
731,-0.03107749166390746
732,0.043768201191957234
733,0.15743734900707756
734,-0.06215797912812262
735,0.17082934543633255
736,0.12229970954887895
737,-0.06042917321110028
738,-0.03363235427975897
739,-0.06305883983960789
740,-0.0585078623010604
741,0.16703620507605715
742,-0.03428595536143651
743,0.0004329614938014747
744,-0.06728793976413397
745,0.16676180107250851
746,-0.048802008438308564
747,-0.07223148254373381
748,0.1403175265994881
749,0.010877674377112062
750,0.13474618753133846
751,-0.02850491616666525
752,0.0178161776262858
753,-0.10463386893384283
754,-0.045063668656638224
755,-0.06195178254921892
756,0.1306414339424014
757,-0.04010962945028597
758,-0.012121719437791908
759,0.15134957258592846
760,-0.021908624702024884
761,-0.03583502584893389
762,0.14850966758945855
763,-0.0192551542029503
764,-0.04190637114590997
765,0.16467134222357374
766,-0.03554275998734751
767,0.1225198980995772
768,-0.008515224662909143
769,-0.09070247841450468
770,0.02027089315008639
771,-0.04228089744087661
772,0.018494441358073755
773,0.17364263372899572
774,-0.004981827674313764
775,-0.012899577599917089
776,-0.0415397711968821
777,0.006314247584948593
778,-0.05600384483016187
779,-0.04140429752222866
780,-0.0416270660324958
781,-0.05474687211481948
782,-0.037426015875346365
783,-0.09549113738411816
784,0.1429623298504355
785,-0.05388190260348781
786,-0.06803062313834642
787,0.04474578079556344
788,0.020049944412275134
789,-0.0520852395825826
790,-0.02319162711618685
791,-0.044232159060546526
792,0.13191863772462903
793,0.004935801914252527
794,0.1424196651024684
795,0.1750608957791655
796,-0.0530523363740496
797,-0.05797405058759164
798,-0.04198412051487306
799,0.13218783282647095
800,-0.04876260216815911
801,0.04228321656571693
802,-0.02201608974654872
803,-0.11098102290826835
804,-0.029254714480258025
805,-0.07297232661228727
806,-0.03151378257646922
807,0.002759724083367438
808,0.012151607489547647
809,-0.030571939417448943
810,-0.07889925550093932
811,-0.04479263372354926
812,0.12757427964195034
813,-0.0055726348413259914
814,-0.03782028992154276
815,-0.03319044379266268
816,-0.018729089967241278
817,0.15624488744069875
818,0.015262976152661593
819,-0.05415000545884989
820,-0.02353795575422004
821,0.14683732155004803
822,0.022219615186994467
823,-0.06498796320599415
824,0.15203795228411138
825,-0.051586109462246316
826,0.11063189819717514
827,0.0016937774989838963
828,0.04599262822902056
829,0.04005178003275743
830,-0.0034959206560905348
831,-0.052933265408720884
832,0.1659357157801073
833,-0.03018918053458544
834,-0.037183063080300546
835,-0.0283376551000315
836,-0.059015957864679267
837,-0.056852272652736985
838,-0.04036601438366462
839,-0.03263116505499147
840,0.16925968114499404
841,-0.03574670239450298
842,-0.02130519105378295
843,0.180349833665628
844,-0.06349100893198033
845,-0.026712733612793367
846,-0.03135138729863676
847,-0.005014501620257415
848,-0.07469939776791806
849,-0.012706687622345473
850,0.1599988494403436
851,-0.038462662100822075
852,-0.013133209511679423
853,-0.04403112019713459
854,-0.04675475678696811
855,-0.04539673340091606
856,-0.02245394508135807
857,-0.041623276265673186
858,0.15630795269948466
859,0.0070982216056762765
860,0.04670705418319444
861,-0.03834192537145157
862,-0.03468426599555735
863,0.004528304688181916
864,-0.08316967631009985
865,0.15849186931711626
866,-0.022027866781519197
867,0.010777524278615488
868,0.0023061676306586594
869,0.040527541690409126
870,0.03750118020009314
871,-0.08891185580366037
872,0.12517654684569832
873,-0.05436630482968507
874,0.028377184963575545
875,-0.024159125796584396
876,-0.048567999997838236
877,-0.06874188633611578
878,-0.032969631006939934
879,-0.0280568800897838
880,-0.060427569724013544
881,-0.01571586474636178
882,-0.041222052825433904
883,-0.054371762896165465
884,0.04066855399110211
885,-0.03342562903217055
886,-0.01591425751119006
887,-0.05818926454438174
888,-0.020690659950038305
889,-0.02966871663411845
890,-0.006558506652479162
891,-0.08500829158443786
892,-0.048213430707975374
893,0.016724546486716087
894,-0.02510018636627727
895,-0.04144046441878691
896,-0.012263929150612439
897,0.14874046426142867
898,0.14725921289520397
899,-0.030080921662190008
900,-0.03063666656375239
901,-0.07427704514747391
902,-0.016666752423991155
903,-0.01748020781919268
904,-0.012659947841821631
905,-0.007805858819221754
906,-0.05046232144117077
907,0.017022677629186418
908,0.04228321656571693
909,-0.02171642104322342
910,-0.04179303247325568
911,-0.0037968424848176772
912,-0.05956882352322364
913,0.17544086900705486
914,-0.017074721821604227
915,-0.02517909727747842
916,-0.0280568800897838
917,0.14295252873449524
918,-0.0036198828477922163
919,-0.01052414007843139
920,0.02027089315008639
921,0.02292006112675668
922,-0.059203350685014776
923,-0.028100165142526716
924,-0.05024472479246833
925,-0.012043862347790882
926,-0.036386465492616024
927,-0.04144080602678607
928,-0.03871065697853587
929,-0.001614835134284093
930,0.17618219501668883
931,-0.01970905008536805
932,0.022594038800780113
933,0.1532982628688268
934,-0.08146532040548263
935,-0.034301663426470425
936,0.18581790757766728
937,-0.03619136026280714
938,-0.0175369804718122
939,-0.04905389909509315
940,0.1751685162546605
941,-0.04880394475504518
942,-0.09403919289070689
943,-0.050686287352127435
944,-0.029024121845460566
945,0.15203947924475403
946,-0.03182562997490637
947,-0.039596455262009916
948,-0.03452653886592685
949,-0.06428498104085151
950,-0.045791290638029655
951,-0.03147355364705463
952,-0.05389999633354528
953,-0.003282932881171143
954,-0.021675946593114864
955,-0.022629138423917443
956,0.16953242642933358
957,-0.037607893993977175
958,-0.0027756459124988545
959,-0.018494597375998303
960,-0.04172151838798946
961,-0.05813649739243397
962,-0.024499842254845153
963,-0.011384228821464708
964,0.1560164880856446
965,0.1339516156874943
966,-0.01467133652857335
967,-0.049236705217614474
968,0.022044671207176833
969,-0.02358468889134005
970,-0.07048838842781915
971,-0.006709511943946442
972,-0.04504249600802432
973,-0.021675946593114864
974,-0.02655981833991816
975,-0.05190593847736849
976,-0.031112606196566063
977,-0.06964269193056884
978,-0.03657315116310938
979,-0.014601610184689149
980,0.16770425433618763
981,-0.02885208175952775
982,-0.05578558339558436
983,-0.049399144933591654
984,0.04670705418319444
985,-0.031040398491398644
986,-0.03655599933378993
987,-0.017381967209306237
988,-0.02443419502396116
989,0.04984514529404131
990,0.004673258103022656
991,-0.02944627280141617
992,-0.054878418816461716
993,0.13666623254759624
994,-0.007660953074591788
995,-0.05532182210370093
996,0.1778014781453219
997,-0.05042541818334278
998,-0.008122277331023104
999,0.03388965274723516
1000,-0.03583502584893389
1001,-0.06158084243646303
1002,0.1250129668168527
1003,-0.09980568513738947
1004,0.009756164754773899
1005,-0.09161182213401071
1006,0.0017629694126687326
1007,-0.027327877690728107
1008,-0.020605395573428636
1009,0.11681398713294587
1010,0.040527541690409126
1011,-0.054843752475702674
1012,-0.06664569599966563
1013,-0.05721480989335485
1014,-0.026880464652817876
1015,-0.009964931001457341
1016,-0.0563600901359893
1017,-0.03922808778062261
1018,-0.05470785499757058
1019,-0.06528300961301041
1020,0.12795562673734925
1021,-0.03149720147740172
1022,-0.06175272879267406
1023,-0.04357352820514224
1024,0.11917858141465452
1025,-0.059155011251470865
1026,-0.06281108896016391
1027,-0.046584190548973274
1028,-0.013762853906883341
1029,-0.01936471332792871
1030,0.15310954528505533
1031,-0.0320070673895336
1032,-0.06036601343060445
1033,-0.09325256847023256
1034,0.005588569055566815
1035,-0.054601074321866255
1036,-0.04247627258819498
1037,-0.00455770696561507
1038,-0.020468363665547155
1039,-0.0078400002682797
1040,-0.03534517277989671
1041,-0.06014337977074649
1042,-0.059757208131772675
1043,0.01880906291934323
1044,-0.05941087021056418
1045,0.1388893625003988
1046,-0.01761726410136121
1047,-0.042436088378462924
1048,-0.04315657206379644
1049,-0.033933822349887385
1050,-0.04102357845521802
1051,-0.05054789619629606
1052,-0.030509945767032424
1053,0.004221490493290007
1054,-0.03387324518648153
1055,0.16665854713716605
1056,0.1405913169848303
1057,0.15542024300529156
1058,-0.029011078635915222
1059,-0.03715474825602456
1060,-0.023079441689673283
1061,-0.04408136427199613
1062,-0.06644357572469495
1063,0.13716593164416852
1064,0.12292638386190663
1065,-0.007594513339057751
1066,-0.04221699794213232
1067,-0.05998155525122999
1068,0.1641348831960921
1069,-0.03956442204488715
1070,-0.047526090642672776
1071,-0.03366311702577393
1072,-0.03815419590151782
1073,0.1526487595957921
1074,-0.00793612315376824
1075,-0.05727849143955665
1076,0.12586203655690284
1077,0.15564607846727285
1078,0.05338117805939967
1079,-0.03585161934173253
1080,-0.029658208994751408
1081,-0.033436398979031896
1082,-0.06554949245689051
1083,-0.013531414401728906
1084,-0.027236299868520747
1085,-0.06078471312306842
1086,0.1233158418026274
1087,-0.029979078851260867
1088,-0.06603310854964939
1089,-0.05239849613916054
1090,0.0022127601858478404
1091,0.005971348296816989
1092,-0.061689691219721066
1093,-0.03296235656126169
1094,-0.047949549904742976
1095,-0.01757881861711947
1096,-0.08901103527175386
1097,0.11241117910472742
1098,-0.06379862427511268
1099,-0.0680623366445929
1100,-0.037175797166459225
1101,0.15103803036536081
1102,-0.03063666656375239
1103,0.0030362213210690676
1104,-0.048245213472485796
1105,-0.09000555766895488
1106,-0.012762036605842984
1107,-0.05578311203814952
1108,-0.0878482257697585
1109,-0.032551590640046674
1110,-0.06077589234199389
1111,-0.03336990558060486
1112,-0.011791429252576275
1113,-0.04757768906313997
1114,-0.0785406963700033
1115,-0.0574188757747697
1116,-0.017672832153819314
1117,-0.05666243662527268
1118,-0.08529793622769474
1119,0.11430924476635368
1120,-0.005719435216682417
1121,-0.05559916717386909
1122,-0.004318586705544169
1123,-0.04107383572482971
1124,-0.06777384724654531
1125,-0.06672923828431983
1126,-0.03547133054034306
1127,-0.045605422545747946
1128,-0.056725127858709895
1129,0.18623409696199078
1130,-0.029125458993329217
1131,-0.04031475155399743
1132,-0.05471636090725755
1133,-0.05501773627714482
1134,-0.06493101022795428
1135,-0.03294382358287042
1136,0.14848426937876813
1137,0.14397730508921758
1138,-0.048462166680962704
1139,-0.02984648169573405
1140,0.005193888920725287
1141,0.018494441358073755
1142,-0.04476531920350304
1143,-0.018932319693592284
1144,-0.06441016883359743
1145,-0.04975330939254401
1146,-0.10890937375809032
1147,0.0077718907979027144
1148,0.14677731972134261
1149,0.11536948067688942
1150,0.08120523175981319
1151,-0.05035971271077661
1152,-0.031600662550312804
1153,-0.047173035816459416
1154,-0.045948778703776026
1155,0.03750118020009314
1156,-0.007426056339696581
1157,-0.014601610184689149
1158,-0.02476253648949142
1159,-0.024644820364202288
1160,-0.05829192095333048
1161,0.01790761646419202
1162,-0.054968447208105446
1163,0.02292006112675668
1164,-0.021908624702024884
1165,0.018768102340495623
1166,-0.00915297442493178
1167,-0.03974299523686931
1168,-0.07479313897699943
1169,0.15876584072565994
1170,-0.08935729758940758
1171,0.16772896268952736
1172,0.14198474572586944
1173,-0.007009193820469359
1174,-0.08067586321919787
1175,-0.07084257762211287
1176,0.00922831801354492
1177,-0.033638184011196705
1178,0.04600600133101654
1179,0.020113803336512075
1180,-0.03267140431438742
1181,-0.06217714797290948
1182,-0.030328858215806956
1183,0.11760618484181727
1184,0.010975210154799395
1185,0.16271267362209957
1186,-0.033018083004558926
1187,0.040527541690409126
1188,0.0023061676306586594
1189,-0.060958835434663336
1190,-0.04707300574254201
1191,-0.05412814522496013
1192,-0.031265326289198384
1193,-0.056211100636267
1194,-0.014601610184689149
1195,0.01880906291934323
1196,-0.06103684782742916
1197,-0.022745089230142457
1198,-0.060438990395363754
1199,0.03728948686032221
1200,-0.01983387838100388
1201,-0.03274799572091816
1202,0.19493262876095935
1203,0.13515757766545256
1204,0.09622871198856178
1205,-0.0061338676931473
1206,-0.05132459103877994
1207,-0.041623276265673186
1208,-0.04209089174698109
1209,-0.06359035624802235
1210,-0.04217702849689428
1211,-0.10581272585517712
1212,-0.02185786900637794
1213,0.0026124463301976535
1214,-0.026308910426743076
1215,0.02292006112675668
1216,-0.022998055804128545
1217,0.16451098551474197
1218,-0.03641710433902248
1219,-0.04884164034603964
1220,0.001698151983021816
1221,0.1363169489706075
1222,-0.048878063845320924
1223,-0.029011078635915222
1224,0.0087725728758602
1225,0.1370851965504423
1226,-0.020964503707437118
1227,-0.060048273444181885
1228,-0.05753801126560813
1229,-0.024015378614126538
1230,-0.031627027208696604
1231,0.12861920455229292
1232,-0.04572227437701139
1233,-0.0027756459124988545
1234,0.005891061528925384
1235,-0.048299162987735705
1236,0.17446009850776645
1237,-0.060356389505623234
1238,-0.009296671812998696
1239,-0.055410504707575955
1240,0.04585110777300589
1241,0.15286999501516024
1242,-0.034097752424892276
1243,-0.07321997618213344
1244,-0.07129780242149987
1245,-0.01352739704301504
1246,-0.037000184015787016
1247,0.11666681800587288
1248,-0.0015460811620089875
1249,-0.003443225069847007
1250,0.008222658946553626
1251,-0.04704088948436905
1252,0.18928723141653683
1253,0.1603591892156332
1254,-0.03426639534679249
1255,-0.0443226218488606
1256,-0.029748953031304894
1257,-0.02865436804575988
1258,-0.0654106080609155
1259,-0.020768953941557953
1260,-0.04130345319925213
1261,-0.0590846762793397
1262,0.15269559093537094
1263,-0.059170118254267934
1264,0.02678602209396926
1265,-0.05720069977719906
1266,-0.003609553611153738
1267,-0.0445671711305953
1268,-0.036135602453006746
1269,-0.07093727717474893
1270,-0.061921015115161154
1271,-0.04275534265710022
1272,-0.011565616730858519
1273,-0.04993335059466171
1274,-0.020662384953509347
1275,0.0087725728758602
1276,-0.05849463350642636
1277,-0.054037787690164193
1278,0.00033801180116899035
1279,-0.02060728315172873
1280,-0.010991344396059045
1281,0.006866703460746223
1282,-0.051077813302905686
1283,-0.03263116505499147
1284,-0.03180829211517418
1285,0.005626431949487278
1286,0.14713705099365426
1287,-0.06543104543445635
1288,0.13247212480081272
1289,0.03970760866974497
1290,-0.03457900384774952
1291,-0.049577699987122345
1292,-0.04286876689377149
1293,-0.052958924213972136
1294,-0.04114494652029097
1295,-0.0690602629091897
1296,0.13729113556096617
1297,0.15225572448221292
1298,-0.044329318566837375
1299,-0.043679357005406025
1300,0.14106372968478104
1301,-0.019998710115318844
1302,-0.011732157928639964
1303,-0.06289050053134491
1304,-0.025730658361638094
1305,0.0375258495372084
1306,0.1255038438514595
1307,-0.013607198060813432
1308,-0.0280568800897838
1309,-0.037576464136218
1310,-0.010845866172886173
1311,-0.07024194255375098
1312,-0.009347508037616765
1313,0.1412512473274103
1314,-0.013709164787906163
1315,-0.06153314760892421
1316,0.12447852820827235
1317,-0.0415287944255503
1318,-0.0434872961384746
1319,-0.04001879871060737
1320,-0.06395377369581896
1321,0.042697711140705516
1322,-0.061574577984837356
1323,0.023357155334234346
1324,-0.044319533953321354
1325,0.15366424908182919
1326,-0.08437729876445166
1327,-0.03343024658101228
1328,-0.052418114272621656
1329,-0.08058508400638062
1330,-0.06282374272191701
1331,-0.050820297473211276
1332,-0.05526786599530106
1333,0.013465672560231404
1334,-0.01562028003260802
1335,-0.05988895368471902
1336,-0.018230941047640867
1337,-0.0030247535131433267
1338,-0.047569207392474326
1339,-0.07584903130061962
1340,-0.011627874775217914
1341,-0.05193017615494744
1342,-0.03731466147931234
1343,0.15809201090572367
1344,0.05338117805939967
1345,-0.06823301588629639
1346,-0.07946155266546638
1347,-0.023189964721825676
1348,-0.07559849453564814
1349,-0.03208959072434768
1350,-0.06264496381851752
1351,-0.09496329412589394
1352,-0.04690657871082376
1353,-0.02918328815708048
1354,-0.03343024658101228
1355,-0.026551231933730476
1356,-0.08452728464625849
1357,-0.060604528186255675
1358,-0.03703639292467985
1359,0.11390352502426476
1360,-0.061552766124970626
1361,-0.026117457483922343
1362,-0.06125353599493395
1363,-0.023349144368987558
1364,0.16839988694604927
1365,-0.019867106743716303
1366,0.1879603114133776
1367,-0.029321916979913043
1368,-0.03905135041644713
1369,-0.06261159247644363
1370,-0.005552261310081577
1371,-0.038946748313543694
1372,-0.03974299523686931
1373,-0.021032197229229575
1374,0.025206990099364675
1375,-0.05956939640039947
1376,-0.08110872554503484
1377,0.03379174812260477
1378,-0.05496288259339749
1379,-0.08863382355679811
1380,-0.0543871487821565
1381,0.13077793200589094
1382,-0.03444052082477846
1383,-0.047734057523774284
1384,-0.03014828041639407
1385,-0.03484453202428668
1386,-0.03560461139152338
1387,-0.058124563049156176
1388,-0.04715805938546672
1389,-0.019847876796579476
1390,0.04984514529404131
1391,0.056774344918194226
1392,-0.043339551557356915
1393,-0.04436357706422518
1394,-0.04977581697270172
1395,-0.04665296042328264
1396,0.15610676993004952
1397,-0.0398655478600114
1398,-0.04215110193587775
1399,0.1236674289089847
1400,0.15045747807821483
1401,-0.030656435795834883
1402,-0.023529638096354492
1403,-0.01461598665423476
1404,-0.01591425751119006
1405,-0.012010498317466345
1406,-0.012013278048933372
1407,-0.03386239937028865
1408,-0.02979859360041252
1409,0.04337700906530392
1410,0.045813177658525446
1411,0.040086060966004144
1412,-0.04915264109342367
1413,0.010908629690894778
1414,-0.08991221612309847
1415,0.15846182182424462
1416,-0.045303130594229066
1417,-0.007660953074591788
1418,-0.049236705217614474
1419,-0.02963402087794502
1420,-0.027568086337522876
1421,-0.023560660808411557
1422,-0.03766848536728033
1423,-0.059326866557668695
1424,-0.03909644633946041
1425,0.025112282439032876
1426,0.045674470397583905
1427,0.010877674377112062
1428,-0.03347426738723964
1429,0.12650319197860896
1430,-0.021675946593114864
1431,-0.013467143013994922
1432,0.1287324255090091
1433,-0.03602193381535633
1434,-0.06234241944747136
1435,0.15647800605341824
1436,0.15428855037139094
1437,-0.004313088366689637
1438,-0.0276556991382839
1439,0.030645241117170346
1440,-0.02158922302355146
1441,-0.06165098186656701
1442,-0.010629900807077486
1443,0.1238433796137816
1444,0.16473300611884045
1445,-0.05252506996038358
1446,-0.07187087927730952
1447,0.18421871469047518
1448,-0.04237356107865635
1449,-0.011634565546931888
1450,-0.025672915960964496
1451,-0.01927944822627584
1452,-0.06392851374687175
1453,-0.043042487706865376
1454,-0.04742797471193955
1455,-0.024757375910960958
1456,-0.014903435664211023
1457,-0.03660306219209757
1458,0.017022677629186418
1459,-0.044527679985522824
1460,-0.018965289739465294
1461,-0.053364088012143346
1462,-0.060982562558762055
1463,0.10710582872959393
1464,-0.04835381193547479
1465,-0.0638059935507612
1466,-0.07137028850615955
1467,-0.03909474360359616
1468,-0.057653746973697614
1469,-0.03525144801435011
1470,0.12847335440129065
1471,-0.09998822811545785
1472,-0.03845036755829592
1473,0.03500410720692103
1474,-0.025909138762004964
1475,-0.06031349722299192
1476,-0.03808073407185814
1477,-0.038423440967033234
1478,-0.038599435158064827
1479,-0.021176431950926097
1480,-0.041288411428792915
1481,0.11278847342940865
1482,-0.03075549385545255
1483,-0.06316781389824803
1484,-0.028197513499713354
1485,-0.02247709144819491
1486,0.17218955341071435
1487,-0.02326333509781493
1488,-0.05909650102128501
1489,0.16150648146331736
1490,-0.03192087333175669
1491,-0.02628224015283588
1492,-0.04569640398030398
1493,-0.02737725923141037
1494,0.17519389137420083
1495,-0.0771978962442496
1496,-0.008957120442508546
1497,-0.05030901358174576
1498,0.179574307524459
1499,-0.06931032338290138
1500,0.13616141711130636
1501,-0.01646501684883208
1502,-0.061201930510477086
1503,-0.024927433547177556
1504,-0.03450554505567683
1505,0.04607399336491466
1506,-0.010550733878536783
1507,-0.05752959881081393
1508,-0.02852192990031112
1509,-0.018615500178909686
1510,0.13671472217804892
1511,0.13763215001735515
1512,-0.04369626608046326
1513,-0.05622533499723237
1514,0.14950646901674344
1515,-0.072379673131643
1516,-0.05746693043130359
1517,0.14725921289520397
1518,-0.0640282050325207
1519,-0.02517909727747842
1520,-0.03551953923710409
1521,-0.02537376440239501
1522,-0.032381557302248336
1523,-0.057234847707079234
1524,-0.0782107333433264
1525,-0.05560019470143916
1526,-0.02747211660081832
1527,-0.010026288584617148
1528,0.004557646461440313
1529,0.1616977505106056
1530,-0.059821157915620884
1531,-0.07861052028260962
1532,0.1494124727451404
1533,-0.06705883114470731
1534,-0.029144116028462827
1535,-0.04688145282109467
1536,-0.019836218561221558
1537,0.14984015434679684
1538,-0.05739947420711418
1539,-0.01732374479075761
1540,-0.031939705418917344
1541,0.0032095179157793337
1542,-0.03336990558060486
1543,-0.07168010334055139
1544,-0.04938657810732787
1545,-0.07453947469886961
1546,0.12916205031907513
1547,-0.05673360199310778
1548,-0.037009670200016886
1549,-0.012062515244671366
1550,-0.021784003844142565
1551,-0.04828164991127984
1552,-0.031246532325392384
1553,-0.0317554779440514
1554,0.14836592445249408
1555,-0.06181885133745771
1556,-0.03357965471788981
1557,-0.008531807737871632
1558,0.1404882923350752
1559,-0.045259749284133996
1560,-0.09100796562609759
1561,-0.019052828971283388
1562,0.1525619098425759
1563,0.16269207408686293
1564,0.1255249565893049
1565,0.1112647196157853
1566,-0.0064060771440997664
1567,-0.0036890307900232385
1568,-0.03537977841477037
1569,-0.05125898004315213
1570,0.013352867412234713
1571,-0.09562737432544757
1572,-0.04058445105690049
1573,0.03629108101656014
1574,0.1866244863229985
1575,0.1470553720556973
1576,0.009227046263210376
1577,0.0012322103563609616
1578,-0.04947105172234406
1579,-0.015353742371665473
1580,-0.04761760105388399
1581,-0.040257574896389925
1582,-0.02341605100276546
1583,-0.06046776155729214
1584,0.032004606117049694
1585,-0.007065523187863679
1586,-0.008038164653733883
1587,-0.023970044268340693
1588,-0.055375209988531696
1589,0.1565958652154253
1590,-0.024501015208359192
1591,0.16017793110947287
1592,0.13127401385396845
1593,-0.029185325026342024
1594,0.011862835801453116
1595,0.18617399833420062
1596,-0.026470989130718894
1597,-0.034832739882630054
1598,-0.007866406795050896
1599,0.0052962841166965
1600,0.056774344918194226
1601,-0.0057820217550802605
1602,0.0991304485852019
1603,-0.03382599817698771
1604,-0.01924457971827124
1605,-0.057032775041168195
1606,-0.03549971078974082
1607,-0.019369989015638713
1608,-0.0255185378151484
1609,0.032374118141157204
1610,-0.024475684009226985
1611,0.16883915255578502
1612,0.020094026778080414
1613,0.04005178003275743
1614,0.14505549826179534
1615,-0.0353355418499932
1616,-0.06308173655272227
1617,-0.03583502584893389
1618,-0.023578536233371004
1619,-0.05205018370347884
1620,-0.05291502841001701
1621,-0.02510018636627727
1622,-0.008646981284440438
1623,-0.0254870422802205
1624,0.17197268214272748
1625,0.004826373343308984
1626,0.06047447372188158
1627,-0.01816249506836021
1628,-0.016197789551758934
1629,-0.026790565866152215
1630,-0.0329803308726127
1631,-0.05236040158938968
1632,-0.05769516305446649
1633,0.0144470571327492
1634,-0.059216196391092615
1635,0.1531558345211823
1636,-0.05922050767714757
1637,0.11660392127622488
1638,-0.017646754382322556
1639,0.00391052382838227
1640,-0.03515594847281888
1641,-0.028945971801628147
1642,-0.03623423009596165
1643,-0.030571939417448943
1644,-0.05661074389313256
1645,-0.06125896814605528
1646,-0.043690263880293255
1647,0.01825889072592602
1648,-0.04448999343224912
1649,0.18873960195333733
1650,-0.03640234642490988
1651,-0.0017069134151174103
1652,-0.02178243009156177
1653,-0.03433532034517744
1654,0.13838813250305354
1655,-0.06656415056436603
1656,-0.028849971028198147
1657,-0.06711128943050954
1658,-0.01792253018353842
1659,-0.01711529375628694
1660,0.12893445295693093
1661,-0.014753891158172598
1662,0.010272628925316541
1663,-0.04896850074085935
1664,0.030366861733993458
1665,-0.010651099206271303
1666,-0.05337738311138156
1667,-0.029542917864340403
1668,-0.020089835905873682
1669,0.14480547965261226
1670,-0.026214901314144563
1671,-0.09799457389088802
1672,0.1324377735074956
1673,-0.04416574095385495
1674,-0.0036198828477922163
1675,-0.029011078635915222
1676,-0.043993624164095524
1677,-0.024211672962132495
1678,0.1524888843248874
1679,-0.03783063849711678
1680,-0.05686920113945509
1681,0.0331570701084252
1682,-0.04689909682572898
1683,-0.02071693224439672
1684,0.17082898049816925
1685,-0.03873552934924886
1686,-0.020381291314457105
1687,0.10625168911228192
1688,-0.02677213280126274
1689,0.0356817676921872
1690,-0.04313806658331884
1691,-0.007660953074591788
1692,-0.03683445458606831
1693,-0.032295302622404994
1694,-0.040704150352664795
1695,0.15907630744123152
1696,-0.0403693643795884
1697,-0.0512214383856453
1698,-0.044426578064356854
1699,-0.06811611178154325
1700,-0.03336990558060486
1701,-0.06823408590590271
1702,0.17604907778113388
1703,0.18726416702584003
1704,0.16339010254027164
1705,-0.01161395536843467
1706,-0.05564681320676876
1707,-0.044782617494305815
1708,-0.031161121928630475
1709,-0.06268144604875925
1710,-0.017672832153819314
1711,-0.052745387012721634
1712,0.1678463583700723
1713,-0.024501015208359192
1714,-0.010629900807077486
1715,-0.08168894038851872
1716,-0.03760043185984519
1717,-0.02812508991568146
1718,-0.016472919230021702
1719,0.13083298119292794
1720,-0.023665381086797478
1721,-0.0016593742007604217
1722,-0.06954096436737563
1723,-0.03262295851737405
1724,-0.034317441872695024
1725,-0.012553892105515543
1726,0.05338117805939967
1727,-0.023665381086797478
1728,-0.0251112942563553
1729,-0.011634565546931888
1730,-0.026168688512590486
1731,-0.04380687203746709
1732,-0.025674836476133136
1733,-0.016687489945185464
1734,0.006643187333038792
1735,-0.01174881317725806
1736,-0.02713104721405648
1737,-0.03483754569071904
1738,0.134684217261577
1739,0.13705601258343747
1740,-0.024174589836679507
1741,0.12293149074940043
1742,0.13593907692613275
1743,0.05669510361532583
1744,0.022219615186994467
1745,-0.05197935293658186
1746,0.02939079334934843
1747,-0.016078288739492897
1748,-0.04212887051023187
1749,-0.014826582718554832
1750,-0.03261712144311801
1751,-0.06287317293160327
1752,-0.007660953074591788
1753,-0.01589061979824574
1754,-0.033118571816191184
1755,-0.04367305075535978
1756,0.03629108101656014
1757,-0.035894782112052534
1758,-0.02510018636627727
1759,-0.012871417588891428
1760,-0.021908624702024884
1761,-0.05483196480785445
1762,-0.03426639534679249
1763,-0.03766837516502294
1764,-0.03426639534679249
1765,-0.0643401994434891
1766,0.14488589189138318
1767,-0.03640823273055527
1768,-0.012435609354876118
1769,-0.05545906048568545
1770,-0.03537064136732408
1771,-0.019303969954748534
1772,-0.021060598355897894
1773,-0.04068386752751316
1774,-0.028770101837488002
1775,-0.0662646491522442
1776,0.01768692650314839
1777,-0.05538482484214736
1778,-0.009436927774181019
1779,-0.0277221563472993
1780,-0.007682508861151905
1781,-0.05694218801586485
1782,-0.059787029730949
1783,0.03629108101656014
1784,-0.06249677313518423
1785,-0.04333192684634505
1786,-0.01722425071200811
1787,-0.0064484693204407955
1788,-0.015353742371665473
1789,-0.04237356107865635
1790,0.005533570547980701
1791,-0.044432744788043724
1792,-0.033252862964854364
1793,-0.04584962440188307
1794,-0.028945971801628147
1795,-0.029071628129244298
1796,-0.007805858819221754
1797,-0.03973830648986134
1798,-0.05887403559457191
1799,-0.05625573832974738
1800,0.15890903948427176
1801,-0.06727540220459138
1802,-0.049404741585246006
1803,-0.029691396580950984
1804,-0.04562374559579521
1805,-0.046383983880348714
1806,0.16903490399830134
1807,0.14153090303267207
1808,-0.01461598665423476
1809,-0.04348757119041439
1810,-0.06847680273358847
1811,-0.0442755850968197
1812,-0.046584190548973274
1813,0.010777524278615488
1814,-0.006107837424125851
1815,0.00966048168279578
1816,0.022219615186994467
1817,0.12954443596476578
1818,-0.01170499867716792
1819,-0.028030441587586146
1820,-0.05970704518897359
1821,-0.02508769204299499
1822,-0.04088178270351568
1823,-0.02091888836710195
1824,-0.046841748830746946
1825,-0.015036981093708938
1826,-0.03936467196328779
1827,-0.049904892710932555
1828,-0.07751928054209478
1829,-0.011062029792156846
1830,-0.03452653886592685
1831,-0.05102756013511622
1832,0.12560969260476096
1833,-0.030068019560785877
1834,-0.03821586567410374
1835,-0.02998023034031546
1836,-0.06633488262756482
1837,-0.030110716218837902
1838,-0.053567842009479255
1839,-0.044171105940949154
1840,-0.04556891130308817
1841,-0.020662384953509347
1842,-0.0419394383262198
1843,-0.08175069855512057
1844,-0.06960338618785039
1845,-0.0523941383148281
1846,-0.05647531665445206
1847,-0.012475630613634556
1848,-0.06077587961321063
1849,0.13411711249440064
1850,0.15464256181452196
1851,0.13009182892276747
1852,-0.02756248849196593
1853,-0.04370081932806183
1854,0.16942822385393816
1855,-0.05403358111429226
1856,-0.06255432862938304
1857,0.1543248215765729
1858,0.14822087554706606
1859,-0.003377744449249976
1860,0.16240484765029684
1861,0.1426215029101652
1862,-0.02650431484998649
1863,0.17457333153881818
1864,-0.00632539214337028
1865,-0.048591431502120724
1866,-0.035699517902158626
1867,-0.05185241135533788
1868,0.01898744380962058
1869,0.14944889885421703
1870,-0.01191556580119846
1871,0.1245505362971169
1872,-0.028791840864846402
1873,-0.006321775875777359
1874,-0.017160857568003045
1875,-0.006938568736095253
1876,-0.04775468882968899
1877,-0.011257327265280639
1878,-0.06869106991007301
1879,0.1529133137918408
1880,-0.014153478146395008
1881,-0.03497940081844035
1882,-0.03507086923186502
1883,-0.04626728945489211
1884,0.010877674377112062
1885,-0.027246180225441213
1886,-0.052104594528958235
1887,0.1686647941737194
1888,-0.029028385371480864
1889,-0.046537836203634816
1890,-0.037490742715267415
1891,-0.009349884371500337
1892,-0.007065523187863679
1893,0.13385193238561924
1894,0.0022127601858478404
1895,0.16523126740473382
1896,0.14977833494203194
1897,-0.0651534663083023
1898,0.14122552404506278
1899,0.16576277077276882
1900,0.00864092211809075
1901,0.010806704046642218
1902,-0.04213384221990437
1903,-0.05001304426683601
1904,-0.0037968424848176772
1905,-0.07738117070036817
1906,-0.012162198318540464
1907,-0.01361464183832168
1908,-0.01556867458746012
1909,-0.058891002199388254
1910,-0.05199383856228068
1911,-0.024211672962132495
1912,0.010135683676584292
1913,-0.034374101540287146
1914,0.14532788407756023
1915,-0.052887946069185524
1916,-0.0194179924394867
1917,-0.03647941041265427
1918,-0.045704960362100096
1919,-0.03453447707951889
1920,-0.003859559879643133
1921,-0.04817776912742029
1922,-0.029815237629328313
1923,0.027597213142462905
1924,0.16472754446940924
1925,0.14007156377652755
1926,0.04780842404552106
1927,-0.039271123216582826
1928,-0.0157102178307657
1929,-0.04395696257378584
1930,-0.054435922257059774
1931,-0.023661439605168953
1932,0.029456309480084753
1933,-0.060351588980573925
1934,-0.10951426432934143
1935,-0.024397863702453712
1936,-0.000551367924612058
1937,-0.03401314890665387
1938,-0.030571939417448943
1939,-0.0438205809261849
1940,-0.050731047363337944
1941,-0.06259487027420446
1942,0.14228397109503543
1943,0.14609003022123856
1944,-0.04087777727751393
1945,-0.043522614035188506
1946,-0.06636897212029488
1947,-0.054596629551595055
1948,0.004621436342420702
1949,-0.009266102005081479
1950,-0.017324712129376012
1951,0.04460951587015669
1952,-0.027232768575790677
1953,-0.03168053665849811
1954,-0.04303192472488812
1955,0.14064243189683243
1956,-0.039373041427618084
1957,0.0008925011414951179
1958,-0.030831257320096343
1959,0.16679437186036633
1960,0.16988222498675273
1961,0.021817503516780155
1962,0.1916798917022741
1963,-0.039912249649500034
1964,-0.058973958889325453
1965,0.04670705418319444
1966,0.025236692084929818
1967,-0.058963224205049444
1968,-0.03887531969937711
1969,-0.02047059485895595
1970,-0.03490482283194388
1971,-0.032720919326928874
1972,-0.0982106463008218
1973,-0.0016679904168926457
1974,-0.03423702224022038
1975,-0.07866678965560772
1976,0.04048362735778864
1977,-0.03971670127752478
1978,-0.06693132175454275
1979,0.14994020805871294
1980,0.19187988983751486
1981,-0.07667345359474019
1982,-0.04591827219855642
1983,0.013580060721629476
1984,-0.0029628383127863764
1985,-0.024937947393170786
1986,0.011441158510756014
1987,-0.024801647644912248
1988,-0.07044587768007109
1989,0.044241323783718374
1990,-0.06512790109028793
1991,-0.02911246815308833
1992,-0.04511872306492335
1993,0.14942970444970732
1994,0.1549050870210572
1995,-0.0067783527564334685
1996,-0.0731030137324605
1997,-0.031494814172789466
1998,0.02196468706963578
1999,-0.04711682079457765
2000,-0.0327266459745993
2001,-0.05530057406415961
2002,-0.0027756459124988545
2003,0.18706776109490442
2004,0.17269779619813463
2005,0.0022127601858478404
2006,-0.015518415520028228
2007,-0.029712074177212215
2008,-0.05996753244647203
2009,-0.05512649879857533
2010,-0.05322261389682538
2011,0.1783185010414794
2012,-0.03381429094223825
2013,-0.06423604862751123
2014,0.15510680731142915
2015,-0.0529796894019645
2016,0.14970053743307613
2017,0.16177209959181021
2018,0.012151607489547647
2019,-0.0362345244042985
2020,-0.03664885679171602
2021,-0.008710296789949584
2022,-0.06176620611433288
2023,0.14077805742851907
2024,-0.03660081029445726
2025,0.04585110777300589
2026,0.14954881078147644
2027,0.016258448845179324
2028,-0.044185708477371965
2029,-0.039072064478427974
2030,-0.015348176296448076
2031,0.010777524278615488
2032,-0.01170499867716792
2033,-0.002394039095962155
2034,0.03388965274723516
2035,-0.035421564607960684
2036,0.1659619858814376
2037,-0.0036690923735531312
2038,-0.03426639534679249
2039,0.04600600133101654
2040,0.016126764765520264
2041,0.11317998085551764
2042,-0.03350427691439433
2043,-0.030571939417448943
2044,-0.0207203056437122
2045,-0.017968171681208178
2046,-0.03375083686965488
2047,0.04600600133101654
2048,0.020140614971782198
2049,-0.009108591212644476
2050,0.02752965166248411
2051,-0.03987501875745514
2052,0.019317912640560937
2053,0.02340774861456029
2054,0.02109441851141244
2055,-0.030229213207190693
2056,-0.030065062027590114
2057,-0.053889358077548404
2058,-0.019581404050827398
2059,-0.03610194491201879
2060,-0.04477561181502776
2061,-0.07254651478734658
2062,-0.01494953243908581
2063,0.03388965274723516
2064,-0.011684561120861626
2065,-0.04626728945489211
2066,-0.0740297060704642
2067,-0.04646415975684132
2068,-0.03009296904881187
2069,-0.04594346466938189
2070,-0.09420679842959771
2071,-0.031633051896916314
2072,0.03629108101656014
2073,-0.04395696257378584
2074,-0.023272517171960664
2075,-0.02201571730330532
2076,-0.012202363037964788
2077,0.012143090253948923
2078,-0.026419520689347296
2079,-0.04497311226345323
2080,-0.012499947503541478
2081,-0.05537407044155701
2082,-0.034011247316380264
2083,-0.05554901988129532
2084,-0.05421635858657471
2085,-0.0358542263985166
2086,0.15821754284105788
2087,-0.001614835134284093
2088,0.1450244879991146
2089,0.16831726444616055
2090,0.015063584767459347
2091,-0.023189964721825676
2092,0.1352713130290411
2093,-0.03884649079260159
2094,0.14340402881683642
2095,-0.05357045673658037
2096,-0.07466441361100595
2097,-0.09172663374264337
2098,-0.013076318012617985
2099,-0.03297974354955442
2100,0.04600600133101654
2101,0.012151607489547647
2102,0.030629042941032386
2103,0.11912023535967316
2104,-0.04509791855753624
2105,-0.020248378063668453
2106,-0.03200640957962113
2107,-0.017168127904450284
2108,-0.020303928131982733
2109,-0.0006587466280235081
2110,-0.06598670128298095
2111,-0.011634565546931888
2112,-0.0200858696810785
2113,-0.010676966222218807
2114,0.12781627793599823
2115,-0.005836553934773864
2116,-0.010540589488167745
2117,-0.01827427406204733
2118,-0.021405350011709276
2119,-0.05010337151333359
2120,-0.028077366239628178
2121,0.03606533386941344
2122,-0.05354036060451643
2123,-0.0036651753492040516
2124,0.011860828890105538
2125,-0.036158158932001166
2126,-0.02645331860978278
2127,-0.043535246294051484
2128,-0.026364864821335487
2129,-0.03659000814553422
2130,0.001034929970512112
2131,-0.023745820836926293
2132,0.10346840806803057
2133,0.1584325600429749
2134,-0.060037285005829985
2135,-0.03565030685909212
2136,0.03427171545367916
2137,-0.011774782731007639
2138,0.12362032244559527
2139,0.11398442313698265
2140,-0.07011425609847365
2141,-0.06313869405001689
2142,-0.0276556991382839
2143,-0.05557876292499617
2144,-0.061014977437961526
2145,0.027577639776191376
2146,-0.032962041955314395
2147,-0.015650730929757755
2148,-0.032792929487908594
2149,-0.02087181965840497
2150,-0.010765335870296346
2151,0.045813177658525446
2152,-0.04837257498931391
2153,-0.02294360543936083
2154,-0.08001130512051184
2155,-0.05931148954226749
2156,0.1609744863329496
2157,-0.03872837163292597
2158,-0.08607675878488871
2159,0.0004329614938014747
2160,-0.02099950350850544
2161,-0.047932548843158944
2162,-0.016292951121730338
2163,-0.05275832589630934
2164,-0.036582305046820265
2165,0.14304108208799815
2166,-0.0734208086664574
2167,-0.026117457483922343
2168,0.04600600133101654
2169,-0.05694033024137189
2170,-0.051145611935187005
2171,-0.015051676891825384
2172,0.044202718450978146
2173,0.012009260343909544
2174,0.0031957297627114097
2175,-0.012912409860284819
2176,-0.023665381086797478
2177,0.02829073751961242
2178,-0.03741340698771711
2179,0.11806562055994752
2180,-0.015377937662015659
2181,0.1889292354005383
2182,-0.052184375426895
2183,-0.0565890163972949
2184,-0.05603129196557061
2185,-0.03291156416713999
2186,-0.021363419266482882
2187,-0.03950810469552413
2188,-0.0407883922895141
2189,-0.038732278254932535
2190,-0.06826361609757584
2191,0.14303038857599754
2192,-0.04813715993710927
2193,-0.03689444553052552
2194,-0.01729631100820192
2195,-0.03264983373833473
2196,0.04984514529404131
2197,-0.030065062027590114
2198,-0.020350356732220704
2199,0.11929094578155075
2200,-0.04195673950122639
2201,-0.0430972587894131
2202,-0.041981658322826756
2203,0.0092462425411154
2204,0.16312644378590088
2205,0.04780842404552106
2206,0.16689399926152687
2207,0.1923685641613121
2208,0.018326118845088828
2209,-0.026822285512666036
2210,-0.03476062627468836
2211,-0.03448519166827499
2212,-0.06016209889504931
2213,-0.07362270447986777
2214,0.006244392416577115
2215,-0.03401314890665387
2216,-0.020000180578925754
2217,-0.043215369999772664
2218,0.10750485634924845
2219,0.155146780090674
2220,-0.05789689527282682
2221,-0.0651093685167283
2222,0.03727783095242178
2223,-0.059972301707687026
2224,-0.053359503046877
2225,-0.048224713612429235
2226,-0.009657556516345162
2227,-0.056299406103797606
2228,0.04670705418319444
2229,0.03379174812260477
2230,0.012340867555992306
2231,0.14271745855558007
2232,0.1789935517127667
2233,-0.04784393289852243
2234,-0.06836474248804028
2235,-0.07237316139248912
2236,0.16858672590587614
2237,0.14442697942619395
2238,0.1559532113323197
2239,-0.053270592425416166
2240,0.19148285293176476
2241,-0.021019236416597045
2242,-0.0327265224371259
2243,-0.024771458977250083
2244,-0.037326972978858466
2245,-0.0647462406686029
2246,0.16928081088629898
2247,-0.022022036774872127
2248,-0.05926512295117193
2249,-0.05127960836160479
2250,0.02340774861456029
2251,-0.04967446973198222
2252,0.022187600423931815
2253,-0.044968312299230415
2254,-0.057082447932390756
2255,0.040086060966004144
2256,-0.032225961984875665
2257,-0.04572227437701139
2258,-0.01228526253110987
2259,-0.04447251209616516
2260,0.0042288387315418795
2261,-0.04424654373924111
2262,-0.10875885021205561
2263,0.02890279263819489
2264,-0.031161121928630475
2265,-0.053524637326274965
2266,-0.056488480558454526
2267,0.1536375028610376
2268,-0.03610139234648625
2269,-0.08384531675926535
2270,-0.007937703650001602
2271,-0.022734478776474658
2272,-0.058988640514615595
2273,0.13923765595583645
2274,-0.059104840160754735
2275,-0.010691059902926564
2276,-0.03946557969136619
2277,-0.027799882827828325
2278,-0.04015819306199384
2279,-0.04282749127943002
2280,0.1261108488149087
2281,-0.02184617466685516
2282,0.13538304817605928
2283,0.15830103824249844
2284,-0.05222057500196424
2285,-0.040260249504752814
2286,-0.03344805875853831
2287,-0.07630102421980181
2288,0.0009037345462596814
2289,-0.011634565546931888
2290,0.15230630502712258
2291,-0.04836338257189057
2292,-0.0006914488778094756
2293,-0.056796197555320976
2294,0.13315508798205844
2295,-0.03919302004547263
2296,-0.01265950654445509
2297,-0.007848589339681349
2298,-0.02743435867647078
2299,0.1747034820858891
2300,0.14181245031552944
2301,-0.1123085521376653
2302,-0.017672832153819314
2303,0.02053030347456675
2304,-0.0505022535902986
2305,-0.014201882805419827
2306,0.0013955754700509628
2307,-0.05534996667353218
2308,0.1507774486249316
2309,-0.047957753372166845
2310,-0.045647235943121284
2311,-0.0368754872160507
2312,0.0008634806605249422
2313,-0.038976863025148856
2314,-0.02962994034247138
2315,-0.03147355364705463
2316,-0.05548128482878102
2317,-0.05415364078536607
2318,-0.024718878766380247
2319,-0.05598988355608313
2320,0.014260776499356283
2321,-0.018932319693592284
2322,-0.03317862960179398
2323,-0.06143385922521805
2324,-0.055595505365255
2325,0.02829073751961242
2326,-0.04336693978822065
2327,-0.06081211591490512
2328,-0.05017564281050252
2329,-0.01552414419453289
2330,0.13730241398389953
2331,-0.010629900807077486
2332,0.14184663369400635
2333,-0.03654430868477315
2334,-0.04260794081426431
2335,0.13068962248841834
2336,-0.009746198734664362
2337,-0.035353193668563564
2338,-0.05933859345416903
2339,0.13870276924830865
2340,0.04228321656571693
2341,0.18059236865609885
2342,-0.05971330203935187
2343,-0.0524875897709783
2344,0.16456713970300518
2345,0.02989232588219535
2346,0.12535056931157598
2347,-0.0038125011452152854
2348,0.044202718450978146
2349,-0.07036777856674689
2350,-0.04821911096628689
2351,0.018494441358073755
2352,-0.0014752017876864048
2353,-0.06543027121980938
2354,-0.04427841037323314
2355,-0.054592494484212946
2356,-0.01884069067076322
2357,-0.03189876688250618
2358,-0.02099950350850544
2359,-0.06325551249437737
2360,0.033557006084365966
2361,0.040086060966004144
2362,0.040086060966004144
2363,-0.042542855400293664
2364,-0.06367113372616201
2365,-0.05378728395386549
2366,-0.015554194690237274
2367,-0.06531661130036123
2368,-0.04292437857587042
2369,-0.03877123921471464
2370,-0.026117457483922343
2371,0.00584068981860552
2372,-0.021097673546308947
2373,-0.0015057983340228467
2374,-0.04883066794234618
2375,-0.050820297473211276
2376,0.13340648360562293
2377,-0.026632945451154043
2378,-0.017597705022682028
2379,0.18008626599461047
2380,-0.011767132737999512
2381,-0.04223395273638008
2382,0.15888034806931892
2383,0.021695820233342412
2384,-0.06548912323356605
2385,-0.010940911123725094
2386,-0.03090188442394192
2387,-0.03272487807490242
2388,0.17528143274957972
2389,0.005160449184623177
2390,-0.060817057624101306
2391,-0.03215432812770464
2392,-0.034507421108525525
2393,-0.01992671795767332
2394,-0.06885219092543868
2395,0.03163826681353525
2396,-0.03670855953915511
2397,0.1615350805685104
2398,0.035654038652661146
2399,-0.02465049979647351
2400,-0.08176153230712997
2401,-0.0036198828477922163
2402,-0.002528525057342163
2403,0.14085465500080802
2404,0.1649523854563894
2405,-0.0389389221794365
2406,-0.059615658952466774
2407,-0.05277792301125325
2408,-0.11347253391973007
2409,-0.032768204418073016
2410,0.16697547285857406
2411,0.10584886907975427
2412,0.009469684051293694
2413,-0.03012568785498604
2414,-0.023560660808411557
2415,-0.038437780932567
2416,-0.02731855523307296
2417,-0.056575437276383665
2418,0.020094026778080414
2419,-0.06332264668613416
2420,0.15110556322071217
2421,0.1666969677714541
2422,-0.0732978612058014
2423,0.13524677613690197
2424,0.0013955754700509628
2425,-0.03470625399099225
2426,0.17709857379094002
2427,0.0028781281009102786
2428,0.11759217363995314
2429,-0.0626792901488646
2430,-0.04545076935230305
2431,-0.06425432518238508
2432,-0.06620032841310798
2433,-0.054076864862357264
2434,-0.0639553124808846
2435,-0.04311371468587053
2436,-0.09931902841627194
2437,-0.06039243326043717
2438,-0.06591213266247997
2439,0.1351983019815704
2440,-0.04099004848056054
2441,-0.030536579782895007
2442,0.17186487853919868
2443,-0.05551254576241755
2444,0.04607399336491466
2445,-0.07424004266943474
2446,-0.07456319658253259
2447,-0.03343024658101228
2448,0.042697711140705516
2449,-0.08261539922410095
2450,-0.07359289954599343
2451,0.1672795849346352
2452,-0.052959203713878536
2453,0.1284724081262599
2454,-0.02955717888465592
2455,-0.04625399186887251
2456,-0.01828685887288882
2457,0.04500391721997282
2458,-0.06060461915813602
2459,-0.05547695912947281
2460,-0.057933745896894644
2461,-0.05006423420336585
2462,-0.037643907772269475
2463,-0.056857521737063335
2464,-0.03622347690168742
2465,-0.0060939188315605785
2466,-0.03135512601706249
2467,-0.04525266112181526
2468,0.1551778192880862
2469,0.0380893520106039
2470,-0.03464694843637858
2471,0.09956361418271015
2472,-0.034492988904644244
2473,-0.04330623720313674
2474,-0.02723329455103652
2475,-0.028993078216607224
2476,-0.07746088278534977
2477,-0.04868980310676385
2478,0.038024331167855044
2479,-0.058191705338491426
2480,-0.06811623317215415
2481,0.005435919343289197
2482,-0.01647207893972642
2483,-0.0027756459124988545
2484,-0.03358009431515695
2485,0.146513731619413
2486,-0.0518142906032589
2487,-0.004018307938157563
2488,-0.042162308659696834
2489,-0.029366406278191648
2490,0.1690652662918759
2491,-0.0276556991382839
2492,0.030631515474994632
2493,-0.022790118416542028
2494,-0.003731344471231175
2495,-0.05543572806076497
2496,0.12928593267926847
2497,-0.08571103877649652
2498,-0.0863451699057808
2499,-0.035215150027196655
2500,-0.046369247534234576
2501,0.1799998635105193
2502,0.04984514529404131
2503,0.13066774820387667
